age,monthly_income,sex,marital_status,no_of_dependents,risk,Maturity Years,Amount needed,interest
28,198,1,0,0,3,24,"$96,966.27 ",9.5
21,189,1,0,0,3,26.33,"$139,087.25 ",10.04
20,111,1,0,0,3,26.67,"$183,644.19 ",10.96
25,157,0,0,0,3,25,"$189,335.25 ",11.82
30,130,1,0,0,3,23.33,"$107,633.40 ",10.23
25,120,1,0,0,3,25,"$133,404.90 ",10.41
24,157,1,0,0,3,25.33,"$122,715.70 ",9.94
24,108,1,0,0,3,25.33,"$112,083.61 ",9.58
30,118,1,0,0,3,23.33,"$133,594.91 ",11.16
18,136,0,0,0,3,27.33,"$160,019.14 ",10.19
20,142,1,0,0,3,26.67,"$232,868.23 ",11.86
29,137,0,0,0,3,23.67,"$100,676.09 ",9.8
27,151,0,0,0,3,24.33,"$157,840.55 ",11.39
22,136,0,0,0,3,26,"$108,108.32 ",9.19
30,179,1,0,0,3,23.33,"$81,776.84 ",9.04
27,171,0,0,0,3,24.33,"$169,992.22 ",11.7
20,198,0,0,0,3,26.67,"$168,442.04 ",10.64
23,116,1,0,0,3,25.67,"$167,573.59 ",11.03
29,115,0,0,0,3,23.67,"$164,007.54 ",11.88
26,181,1,0,0,3,24.67,"$167,800.73 ",11.49
19,154,1,0,0,3,27,"$167,604.44 ",10.49
18,200,0,0,0,3,27.33,"$122,560.51 ",9.2
24,112,0,0,0,3,25.33,"$199,712.82 ",11.88
20,195,1,0,0,3,26.67,"$128,241.85 ",9.61
23,131,1,0,0,3,25.67,"$192,685.67 ",11.58
23,105,0,0,0,3,25.67,"$197,308.05 ",11.68
28,190,1,0,0,3,24,"$106,512.65 ",9.9
22,138,1,0,0,3,26,"$216,161.19 ",11.88
30,132,1,0,0,3,23.33,"$117,372.10 ",10.6
18,111,1,0,0,3,27.33,"$249,516.26 ",11.83
24,182,1,0,0,3,25.33,"$105,137.52 ",9.32
19,175,1,0,0,3,27,"$137,853.40 ",9.76
25,152,1,0,0,3,25,"$163,648.93 ",11.23
20,189,1,0,0,3,26.67,"$153,887.62 ",10.3
28,130,0,0,0,3,24,"$154,338.88 ",11.46
24,124,1,0,0,3,25.33,"$118,367.97 ",9.79
30,133,1,0,0,3,23.33,"$131,054.01 ",11.08
24,171,0,0,0,3,25.33,"$98,709.62 ",9.07
25,150,1,0,0,3,25,"$180,945.85 ",11.64
19,110,1,0,0,3,27,"$181,433.51 ",10.78
18,117,1,0,0,3,27.33,"$131,880.70 ",9.47
23,191,0,0,0,3,25.67,"$208,015.44 ",11.88
27,103,0,0,0,3,24.33,"$176,779.27 ",11.86
28,193,1,0,0,3,24,"$106,023.57 ",9.88
27,126,1,0,0,3,24.33,"$138,307.94 ",10.84
22,113,1,0,0,3,26,"$126,534.97 ",9.8
19,113,0,0,0,3,27,"$174,654.66 ",10.64
27,176,1,0,0,3,24.33,"$94,482.84 ",9.27
21,199,1,0,0,3,26.33,"$213,815.83 ",11.69
26,186,0,0,0,3,24.67,"$164,876.31 ",11.42
24,198,1,0,0,3,25.33,"$158,405.65 ",10.95
30,198,1,0,0,3,23.33,"$114,300.51 ",10.49
20,184,1,0,0,3,26.67,"$187,377.85 ",11.04
19,153,1,0,0,3,27,"$175,567.46 ",10.66
20,145,1,0,0,3,26.67,"$177,455.48 ",10.83
18,106,1,0,0,3,27.33,"$242,478.02 ",11.72
21,149,1,0,0,3,26.33,"$133,909.92 ",9.89
28,165,0,0,0,3,24,"$119,235.30 ",10.37
20,139,1,0,0,3,26.67,"$127,829.40 ",9.59
19,108,1,0,0,3,27,"$147,417.17 ",10.01
24,198,1,0,0,3,25.33,"$125,596.99 ",10.03
30,167,0,0,0,3,23.33,"$154,721.62 ",11.8
19,150,1,0,0,3,27,"$181,712.83 ",10.79
27,167,0,0,0,3,24.33,"$114,487.83 ",10.06
25,200,1,0,0,3,25,"$117,249.95 ",9.89
29,144,1,0,0,3,23.67,"$117,942.30 ",10.47
29,171,0,0,0,3,23.67,"$138,051.59 ",11.14
22,160,1,0,0,3,26,"$110,307.69 ",9.27
23,186,1,0,0,3,25.67,"$102,848.74 ",9.11
20,155,1,0,0,3,26.67,"$188,073.46 ",11.05
25,166,1,0,0,3,25,"$161,283.42 ",11.17
22,158,0,0,0,3,26,"$211,112.16 ",11.79
21,165,1,0,0,3,26.33,"$117,129.46 ",9.38
28,119,0,0,0,3,24,"$106,291.59 ",9.89
26,183,1,0,0,3,24.67,"$103,941.81 ",9.53
27,118,1,0,0,3,24.33,"$134,441.66 ",10.73
20,150,1,0,0,3,26.67,"$119,424.97 ",9.34
20,160,0,0,0,3,26.67,"$149,570.56 ",10.19
20,193,1,0,0,3,26.67,"$130,771.43 ",9.68
28,102,1,0,0,3,24,"$164,017.15 ",11.71
22,163,0,0,0,3,26,"$190,936.32 ",11.4
21,152,1,0,0,3,26.33,"$207,282.88 ",11.57
21,155,1,0,0,3,26.33,"$150,495.99 ",10.34
21,173,1,0,0,3,26.33,"$107,692.91 ",9.06
19,173,1,0,0,3,27,"$148,248.41 ",10.03
27,135,1,0,0,3,24.33,"$99,703.38 ",9.49
26,191,1,0,0,3,24.67,"$143,697.09 ",10.85
18,139,1,0,0,3,27.33,"$133,577.69 ",9.52
26,115,0,0,0,3,24.67,"$151,243.83 ",11.06
24,170,1,0,0,3,25.33,"$121,170.38 ",9.89
23,106,1,0,0,3,25.67,"$139,484.35 ",10.31
30,164,0,0,0,3,23.33,"$125,513.35 ",10.89
26,168,1,0,0,3,24.67,"$133,498.63 ",10.55
24,137,1,0,0,3,25.33,"$136,233.36 ",10.35
22,198,1,0,0,3,26,"$156,116.84 ",10.62
30,162,1,0,0,3,23.33,"$82,759.70 ",9.09
18,172,1,0,0,3,27.33,"$210,611.47 ",11.2
24,174,0,0,0,3,25.33,"$99,222.69 ",9.09
18,127,1,0,0,3,27.33,"$226,339.55 ",11.47
21,141,1,0,0,3,26.33,"$152,570.72 ",10.39
29,136,1,0,0,3,23.67,"$162,592.41 ",11.84
27,188,0,0,0,3,24.33,"$150,328.43 ",11.19
27,127,1,0,0,3,24.33,"$156,948.01 ",11.37
19,164,1,0,0,3,27,"$128,124.75 ",9.48
30,117,1,0,0,3,23.33,"$149,980.10 ",11.66
25,147,1,0,0,3,25,"$140,276.86 ",10.61
27,151,1,0,0,3,24.33,"$104,477.95 ",9.68
19,133,1,0,0,3,27,"$211,996.56 ",11.36
20,160,0,0,0,3,26.67,"$175,387.39 ",10.79
28,167,1,0,0,3,24,"$134,462.38 ",10.88
26,130,1,0,0,3,24.67,"$97,656.31 ",9.27
18,103,1,0,0,3,27.33,"$168,293.99 ",10.37
26,149,1,0,0,3,24.67,"$125,117.77 ",10.29
24,132,1,0,0,3,25.33,"$186,562.37 ",11.61
18,162,0,0,0,3,27.33,"$121,231.11 ",9.16
26,150,1,0,0,3,24.67,"$100,041.17 ",9.37
27,126,1,0,0,3,24.33,"$92,797.05 ",9.19
30,179,1,0,0,3,23.33,"$82,142.13 ",9.06
30,119,1,0,0,3,23.33,"$133,526.88 ",11.16
26,146,1,0,0,3,24.67,"$126,187.97 ",10.32
19,85,0,0,1,3,27,"$118,583.46 ",9.19
26,89,1,0,1,3,24.67,"$105,811.35 ",9.6
20,99,1,0,1,3,26.67,"$198,339.16 ",11.26
28,85,0,0,1,3,24,"$171,311.38 ",11.9
25,83,0,0,1,3,25,"$172,782.74 ",11.45
20,80,0,0,1,3,26.67,"$214,481.34 ",11.55
24,93,0,0,1,3,25.33,"$103,254.30 ",9.25
27,83,1,0,1,3,24.33,"$164,448.61 ",11.56
21,96,1,0,1,3,26.33,"$207,797.76 ",11.58
23,94,1,0,1,3,25.67,"$152,910.18 ",10.67
23,92,1,0,1,3,25.67,"$112,509.90 ",9.47
19,93,1,0,1,3,27,"$168,326.54 ",10.5
20,92,1,0,1,3,26.67,"$117,287.23 ",9.27
23,89,1,0,1,3,25.67,"$152,292.21 ",10.66
20,88,1,0,1,3,26.67,"$213,635.58 ",11.54
22,94,1,0,1,3,26,"$124,802.24 ",9.75
30,100,0,0,1,3,23.33,"$82,389.08 ",9.07
21,83,1,0,1,3,26.33,"$155,043.28 ",10.45
26,86,1,0,1,3,24.67,"$141,448.71 ",10.79
26,87,1,0,1,3,24.67,"$108,886.38 ",9.72
18,88,1,0,1,3,27.33,"$159,935.23 ",10.19
30,81,1,0,1,3,23.33,"$131,826.30 ",11.1
28,92,0,0,1,3,24,"$144,109.79 ",11.17
29,91,1,0,1,3,23.67,"$96,820.40 ",9.63
28,97,1,0,1,3,24,"$102,321.57 ",9.73
29,96,0,0,1,3,23.67,"$145,455.59 ",11.37
23,84,0,0,1,3,25.67,"$191,280.44 ",11.55
21,82,1,0,1,3,26.33,"$189,358.02 ",11.22
22,96,0,0,1,3,26,"$153,462.51 ",10.55
25,92,0,0,1,3,25,"$197,397.65 ",11.99
28,89,1,0,1,3,24,"$167,048.90 ",11.79
22,83,1,0,1,3,26,"$166,907.77 ",10.88
26,90,1,0,1,3,24.67,"$97,916.82 ",9.29
26,89,1,0,1,3,24.67,"$173,369.96 ",11.62
28,81,1,0,1,3,24,"$133,462.05 ",10.85
27,89,1,0,1,3,24.33,"$89,589.22 ",9.04
30,88,1,0,1,3,23.33,"$100,179.45 ",9.92
22,96,1,0,1,3,26,"$219,138.94 ",11.93
29,82,0,0,1,3,23.67,"$117,793.98 ",10.47
21,80,1,0,1,3,26.33,"$207,292.37 ",11.57
20,80,0,0,1,3,26.67,"$155,878.27 ",10.34
30,86,1,0,1,3,23.33,"$125,389.27 ",10.89
30,92,1,0,1,3,23.33,"$88,793.27 ",9.4
23,93,1,0,1,3,25.67,"$134,701.05 ",10.17
29,83,1,0,1,3,23.67,"$165,575.08 ",11.92
20,96,1,0,1,3,26.67,"$198,279.38 ",11.25
28,89,0,0,1,3,24,"$172,548.64 ",11.93
24,95,1,0,1,3,25.33,"$158,224.77 ",10.95
27,87,0,0,1,3,24.33,"$93,925.32 ",9.24
25,80,1,0,1,3,25,"$168,331.44 ",11.35
24,89,1,0,1,3,25.33,"$128,247.34 ",10.11
24,85,1,0,1,3,25.33,"$149,085.17 ",10.71
19,85,1,0,1,3,27,"$192,721.08 ",11.01
27,97,1,0,1,3,24.33,"$108,072.16 ",9.82
30,87,1,0,1,3,23.33,"$88,929.04 ",9.4
28,88,1,0,1,3,24,"$112,659.20 ",10.13
19,91,1,0,1,3,27,"$160,468.39 ",10.32
28,80,1,0,1,3,24,"$98,289.49 ",9.56
29,99,1,0,1,3,23.67,"$153,057.62 ",11.58
21,87,1,0,1,3,26.33,"$192,213.38 ",11.28
19,92,1,0,1,3,27,"$116,634.43 ",9.13
25,99,1,0,1,3,25,"$187,998.92 ",11.79
26,100,1,0,1,3,24.67,"$176,764.40 ",11.7
26,90,1,0,1,3,24.67,"$150,308.12 ",11.04
18,95,1,0,1,3,27.33,"$210,410.42 ",11.2
24,84,1,0,1,3,25.33,"$132,309.02 ",10.24
18,86,0,0,1,3,27.33,"$189,814.21 ",10.82
19,94,0,0,1,3,27,"$250,583.86 ",11.99
18,83,1,0,1,3,27.33,"$144,086.18 ",9.8
23,81,1,0,1,3,25.67,"$183,149.33 ",11.38
28,99,1,0,1,3,24,"$88,847.98 ",9.14
20,94,1,0,1,3,26.67,"$208,511.18 ",11.44
23,90,1,0,1,3,25.67,"$144,340.53 ",10.45
21,86,1,0,1,3,26.33,"$142,356.49 ",10.13
26,82,1,0,1,3,24.67,"$190,088.04 ",12
23,87,1,0,1,3,25.67,"$136,798.13 ",10.24
20,92,1,0,1,3,26.67,"$208,813.30 ",11.45
25,81,1,0,1,3,25,"$94,243.92 ",9.01
21,87,1,0,1,3,26.33,"$174,646.04 ",10.91
27,100,1,0,1,3,24.33,"$107,191.09 ",9.79
24,93,1,0,1,3,25.33,"$180,509.35 ",11.48
19,83,1,0,1,3,27,"$203,712.77 ",11.22
29,93,1,0,1,3,23.67,"$138,110.95 ",11.14
18,81,1,0,1,3,27.33,"$181,747.97 ",10.66
18,88,1,0,1,3,27.33,"$233,626.28 ",11.58
23,85,1,0,1,3,25.67,"$160,877.55 ",10.87
30,88,1,0,1,3,23.33,"$138,216.21 ",11.31
22,83,1,0,1,3,26,"$146,947.83 ",10.38
25,96,1,0,1,3,25,"$115,559.24 ",9.83
21,85,1,0,1,3,26.33,"$108,681.69 ",9.09
26,92,1,0,1,3,24.67,"$138,502.52 ",10.7
26,97,1,0,1,3,24.67,"$115,165.90 ",9.95
25,93,1,0,1,3,25,"$196,602.01 ",11.97
24,82,1,0,1,3,25.33,"$158,806.41 ",10.96
24,87,0,0,1,3,25.33,"$185,437.51 ",11.58
27,99,0,0,1,3,24.33,"$128,382.22 ",10.54
21,82,1,0,1,3,26.33,"$206,423.90 ",11.55
29,100,0,0,1,3,23.67,"$168,642.10 ",12
19,82,1,0,1,3,27,"$165,848.49 ",10.45
26,91,0,0,1,3,24.67,"$189,087.39 ",11.98
18,85,1,0,1,3,27.33,"$128,404.37 ",9.38
21,93,1,0,1,3,26.33,"$147,190.88 ",10.26
23,80,1,0,1,3,25.67,"$130,703.35 ",10.06
20,82,1,0,1,3,26.67,"$182,143.89 ",10.93
22,95,0,0,1,3,26,"$202,341.26 ",11.62
22,93,0,0,1,3,26,"$112,005.56 ",9.33
18,92,1,0,1,3,27.33,"$178,538.35 ",10.59
22,82,1,0,1,3,26,"$169,363.43 ",10.93
28,92,1,0,1,3,24,"$151,015.31 ",11.37
22,95,0,0,1,3,26,"$150,028.13 ",10.46
21,88,1,0,1,3,26.33,"$146,357.72 ",10.23
29,80,0,0,1,3,23.67,"$122,932.87 ",10.65
23,81,1,0,1,3,25.67,"$176,463.74 ",11.24
25,97,1,0,1,3,25,"$182,975.81 ",11.68
19,92,1,0,1,3,27,"$173,596.23 ",10.62
23,98,1,0,1,3,25.67,"$190,761.22 ",11.54
30,81,1,0,1,3,23.33,"$138,253.05 ",11.31
19,91,0,0,1,3,27,"$122,398.23 ",9.31
19,86,1,0,1,3,27,"$154,925.33 ",10.19
20,94,1,0,1,3,26.67,"$143,586.88 ",10.03
26,85,1,0,2,3,24.67,"$91,783.46 ",9.02
20,91,0,0,2,3,26.67,"$161,429.84 ",10.48
18,89,1,0,2,3,27.33,"$125,333.22 ",9.29
25,90,0,0,2,3,25,"$182,154.91 ",11.67
20,88,0,0,2,3,26.67,"$203,660.52 ",11.36
24,89,1,0,2,3,25.33,"$118,038.74 ",9.78
25,86,1,0,2,3,25,"$157,149.68 ",11.07
20,96,1,0,2,3,26.67,"$118,909.56 ",9.32
18,98,0,0,2,3,27.33,"$235,228.81 ",11.61
20,98,1,0,2,3,26.67,"$221,244.77 ",11.67
19,98,1,0,2,3,27,"$120,911.23 ",9.27
24,80,1,0,2,3,25.33,"$108,782.74 ",9.46
21,88,1,0,2,3,26.33,"$167,510.34 ",10.75
21,80,1,0,2,3,26.33,"$157,778.63 ",10.52
26,87,1,0,2,3,24.67,"$152,541.63 ",11.1
24,89,1,0,2,3,25.33,"$173,141.14 ",11.31
27,86,1,0,2,3,24.33,"$140,800.17 ",10.92
30,84,1,0,2,3,23.33,"$97,422.37 ",9.8
30,83,1,0,2,3,23.33,"$81,791.76 ",9.04
23,81,0,0,2,3,25.67,"$142,602.04 ",10.4
19,90,1,0,2,3,27,"$182,990.44 ",10.81
29,100,0,0,2,3,23.67,"$88,277.50 ",9.24
19,98,0,0,2,3,27,"$125,079.07 ",9.39
30,82,0,0,2,3,23.33,"$105,093.21 ",10.12
21,99,1,0,2,3,26.33,"$174,150.94 ",10.9
29,94,0,0,2,3,23.67,"$105,111.52 ",9.98
26,100,0,0,2,3,24.67,"$128,261.99 ",10.39
19,83,1,0,2,3,27,"$143,433.49 ",9.9
29,92,1,0,2,3,23.67,"$119,899.98 ",10.54
20,97,1,0,2,3,26.67,"$113,334.47 ",9.14
27,84,0,0,2,3,24.33,"$114,158.74 ",10.05
18,86,1,0,2,3,27.33,"$159,534.94 ",10.18
23,80,1,0,2,3,25.67,"$165,947.53 ",10.99
27,95,1,0,2,3,24.33,"$95,932.57 ",9.33
25,83,0,0,2,3,25,"$118,629.18 ",9.93
20,80,1,0,2,3,26.67,"$190,815.56 ",11.11
29,81,1,0,2,3,23.67,"$102,094.69 ",9.86
18,87,1,0,2,3,27.33,"$117,876.58 ",9.06
18,90,1,0,2,3,27.33,"$166,023.42 ",10.32
28,85,1,0,2,3,24,"$92,217.15 ",9.29
38,98,1,1,2,3,20.67,"$85,074.12 ",10.4
35,84,1,1,2,3,21.67,"$111,579.90 ",11.18
38,85,1,1,2,3,20.67,"$106,995.77 ",11.52
35,82,1,1,2,3,21.67,"$74,470.61 ",9.3
42,93,1,1,2,3,19.33,"$71,429.04 ",10.21
43,87,0,1,2,3,19,"$89,343.29 ",11.58
32,98,1,1,2,3,22.67,"$77,338.59 ",9.06
45,97,1,1,2,3,18.33,"$67,752.94 ",10.48
48,85,1,1,2,3,17.33,"$77,986.37 ",11.91
37,98,1,1,2,3,21,"$83,957.22 ",10.17
40,100,1,1,2,3,20,"$102,279.12 ",11.68
32,90,0,1,2,3,22.67,"$106,462.40 ",10.48
35,81,0,1,2,3,21.67,"$82,337.19 ",9.77
40,88,0,1,2,3,20,"$89,289.80 ",11
44,100,0,1,2,3,18.67,"$83,248.69 ",11.41
49,84,1,1,2,3,17,"$51,543.72 ",9.69
49,88,1,1,2,3,17,"$65,059.86 ",11.07
35,91,0,1,2,3,21.67,"$84,550.02 ",9.89
41,100,1,1,2,3,19.67,"$65,481.09 ",9.59
31,88,1,1,2,3,23,"$87,072.60 ",9.45
31,98,1,1,2,3,23,"$94,562.94 ",9.81
30,94,1,1,2,3,23.33,"$142,563.16 ",11.44
42,97,1,1,2,3,19.33,"$66,785.45 ",9.86
33,81,1,1,2,3,22.33,"$108,764.66 ",10.73
43,99,1,1,2,3,19,"$69,952.28 ",10.28
30,83,0,1,2,3,23.33,"$148,569.96 ",11.62
46,96,1,1,2,3,18,"$50,985.33 ",9.08
49,90,1,1,2,3,17,"$67,914.71 ",11.32
44,88,0,1,2,3,18.67,"$59,770.07 ",9.62
43,90,1,1,2,3,19,"$93,785.05 ",11.84
37,97,0,1,2,3,21,"$118,975.79 ",11.85
34,98,1,1,2,3,22,"$124,052.58 ",11.5
37,93,1,1,2,3,21,"$94,012.56 ",10.72
46,80,1,1,2,3,18,"$60,239.64 ",10.02
35,84,1,1,2,3,21.67,"$85,752.83 ",9.96
31,100,1,1,2,3,23,"$87,435.79 ",9.46
37,99,1,1,2,3,21,"$112,980.02 ",11.6
32,85,1,1,2,3,22.67,"$105,631.01 ",10.45
50,96,0,1,2,3,16.67,"$57,570.68 ",10.55
47,84,1,1,2,3,17.67,"$62,674.25 ",10.43
35,100,1,1,3,3,21.67,"$115,464.02 ",11.34
50,90,1,1,3,3,16.67,"$51,826.67 ",9.91
37,80,1,1,3,3,21,"$69,942.67 ",9.3
31,84,1,1,3,3,23,"$129,883.50 ",11.2
43,80,1,1,3,3,19,"$93,981.47 ",11.85
40,91,0,1,3,3,20,"$77,352.53 ",10.27
44,82,0,1,3,3,18.67,"$57,327.46 ",9.39
37,100,1,1,3,3,21,"$77,968.69 ",9.82
43,90,1,1,3,3,19,"$87,132.00 ",11.45
32,97,1,1,3,3,22.67,"$103,648.50 ",10.36
41,81,1,1,3,3,19.67,"$65,547.72 ",9.6
35,88,1,1,3,3,21.67,"$99,367.97 ",10.64
41,81,1,1,3,3,19.67,"$83,102.41 ",10.82
50,87,1,1,3,3,16.67,"$48,701.18 ",9.54
39,98,1,1,3,3,20.33,"$99,105.52 ",11.33
42,80,1,1,3,3,19.33,"$66,177.75 ",9.81
48,94,1,1,3,3,17.33,"$78,197.38 ",11.92
46,98,1,1,3,3,18,"$74,435.45 ",11.2
42,94,1,1,3,3,19.33,"$71,760.92 ",10.24
42,97,1,1,3,3,19.33,"$87,664.79 ",11.28
40,83,0,1,3,3,20,"$64,965.71 ",9.39
45,94,1,1,3,3,18.33,"$79,602.51 ",11.37
50,97,1,1,3,3,16.67,"$44,848.40 ",9.04
49,82,1,1,3,3,17,"$65,907.56 ",11.14
32,87,1,1,3,3,22.67,"$86,507.14 ",9.56
30,92,0,1,3,3,23.33,"$93,779.95 ",9.63
41,91,1,1,3,3,19.67,"$60,456.76 ",9.18
36,90,0,1,3,3,21.33,"$106,839.91 ",11.16
35,95,0,1,3,3,21.67,"$89,005.51 ",10.13
31,80,1,1,3,3,23,"$114,723.22 ",10.66
45,89,0,1,3,3,18.33,"$59,889.56 ",9.8
42,80,1,1,3,3,19.33,"$95,602.55 ",11.73
41,95,0,1,3,3,19.67,"$66,171.75 ",9.65
40,93,0,1,3,3,20,"$103,769.71 ",11.76
48,94,1,1,3,3,17.33,"$73,502.04 ",11.56
40,88,1,1,3,3,20,"$61,517.26 ",9.12
39,91,1,1,3,3,20.33,"$97,999.88 ",11.28
41,99,1,1,3,3,19.67,"$76,126.52 ",10.37
44,97,0,1,3,3,18.67,"$80,473.93 ",11.22
30,91,0,1,3,3,23.33,"$144,012.82 ",11.49
62,62,0,1,4,3,12.67,"$34,756.17 ",9.88
53,80,1,1,4,3,15.67,"$62,989.66 ",11.8
72,69,0,1,4,3,9.33,"$23,145.13 ",9.03
56,70,1,1,4,3,14.67,"$54,926.19 ",11.67
77,73,1,1,4,3,7.67,"$23,481.62 ",11.19
51,78,1,1,4,3,16.33,"$59,813.24 ",11
77,70,1,1,4,3,7.67,"$20,305.36 ",9.27
66,68,1,1,4,3,11.33,"$32,274.60 ",10.38
66,78,1,1,4,3,11.33,"$38,386.37 ",11.93
57,72,1,1,4,3,14.33,"$37,264.55 ",9.21
78,62,0,1,4,3,7.33,"$21,446.99 ",10.45
58,63,1,1,4,3,14,"$52,484.14 ",11.9
80,60,1,1,4,3,6.67,"$18,996.39 ",9.66
56,75,1,1,4,3,14.67,"$46,992.00 ",10.6
58,71,1,1,4,3,14,"$44,856.83 ",10.77
68,61,0,1,4,3,10.67,"$30,254.07 ",10.42
57,61,0,1,4,3,14.33,"$45,393.85 ",10.6
56,73,1,1,4,3,14.67,"$55,487.44 ",11.74
72,70,1,1,4,3,9.33,"$27,184.01 ",10.76
76,64,1,1,4,3,8,"$23,525.74 ",10.74
55,45,1,1,5,3,15,"$46,276.36 ",10.26
80,51,0,1,5,3,6.67,"$21,222.60 ",11.34
54,57,0,1,5,3,15.33,"$60,113.62 ",11.75
79,46,1,1,5,3,7,"$22,213.69 ",11.46
62,58,0,1,5,3,12.67,"$33,243.56 ",9.52
80,41,1,1,5,3,6.67,"$20,003.79 ",10.45
80,57,1,1,5,3,6.67,"$20,348.89 ",10.7
77,54,0,1,5,3,7.67,"$20,002.54 ",9.08
61,54,1,1,5,3,13,"$39,183.04 ",10.55
72,58,0,1,5,3,9.33,"$29,362.45 ",11.6
54,50,1,1,5,3,15.33,"$42,458.99 ",9.47
76,46,0,1,5,3,8,"$22,076.13 ",9.94
72,52,1,1,5,3,9.33,"$25,730.14 ",10.17
55,47,1,1,5,3,15,"$53,460.70 ",11.23
67,46,1,1,5,3,11,"$27,388.26 ",9.19
79,46,1,1,5,3,7,"$19,914.34 ",9.88
62,44,0,1,5,3,12.67,"$40,952.41 ",11.18
53,42,1,1,5,3,15.67,"$59,787.08 ",11.47
55,43,0,1,5,3,15,"$47,333.04 ",10.41
55,42,0,1,5,3,15,"$49,153.66 ",10.66
28,45,0,0,0,2,24,"$60,864.96 ",7.55
30,40,0,0,0,2,23.33,"$59,419.14 ",7.66
27,59,0,0,0,2,24.33,"$54,406.16 ",6.98
25,59,0,0,0,2,25,"$73,269.93 ",7.99
29,46,1,0,0,2,23.67,"$53,642.88 ",7.12
19,42,1,0,0,2,27,"$58,683.09 ",6.57
24,49,1,0,0,2,25.33,"$69,329.89 ",7.67
23,60,1,0,0,2,25.67,"$65,412.77 ",7.34
23,55,1,0,0,2,25.67,"$53,072.47 ",6.52
21,48,1,0,0,2,26.33,"$75,111.37 ",7.68
25,42,0,0,1,2,25,"$52,419.87 ",6.65
27,54,1,0,1,2,24.33,"$69,542.29 ",8
22,53,1,0,1,2,26,"$66,056.79 ",7.28
18,42,0,0,1,2,27.33,"$53,731.67 ",6.17
19,43,1,0,1,2,27,"$63,456.43 ",6.86
28,43,0,0,1,2,24,"$54,300.13 ",7.07
28,50,1,0,1,2,24,"$44,822.94 ",6.27
28,46,1,0,1,2,24,"$55,517.39 ",7.16
24,59,1,0,1,2,25.33,"$46,205.51 ",6.06
25,51,0,0,1,2,25,"$56,814.82 ",6.97
18,54,1,0,1,2,27.33,"$86,932.31 ",7.94
20,55,1,0,1,2,26.67,"$66,696.14 ",7.14
22,40,0,0,1,2,26,"$68,221.67 ",7.41
20,40,0,0,1,2,26.67,"$79,055.33 ",7.78
19,43,1,0,1,2,27,"$78,694.77 ",7.67
24,45,1,0,1,2,25.33,"$53,814.52 ",6.66
23,49,0,0,1,2,25.67,"$54,449.46 ",6.62
28,47,0,0,1,2,24,"$46,299.35 ",6.4
30,47,0,0,1,2,23.33,"$52,089.81 ",7.09
20,46,0,0,1,2,26.67,"$81,974.47 ",7.92
19,45,0,0,1,2,27,"$83,723.20 ",7.9
29,51,1,0,1,2,23.67,"$65,060.62 ",7.94
30,59,0,0,1,2,23.33,"$55,131.01 ",7.34
28,48,1,0,1,2,24,"$65,416.00 ",7.85
20,58,1,0,1,2,26.67,"$77,405.30 ",7.7
28,44,0,0,1,2,24,"$67,553.04 ",7.99
28,57,1,0,1,2,24,"$63,985.99 ",7.76
27,54,1,0,1,2,24.33,"$45,281.32 ",6.22
18,47,1,0,1,2,27.33,"$76,936.89 ",7.49
29,56,0,0,1,2,23.67,"$45,997.34 ",6.47
22,53,0,0,1,2,26,"$70,566.57 ",7.54
24,40,0,0,1,2,25.33,"$66,042.10 ",7.47
18,51,1,0,1,2,27.33,"$54,891.46 ",6.25
20,44,1,0,1,2,26.67,"$82,612.92 ",7.94
25,58,1,0,1,2,25,"$69,800.26 ",7.8
25,45,0,0,1,2,25,"$48,199.89 ",6.31
30,52,1,0,1,2,23.33,"$57,431.79 ",7.51
24,50,1,0,1,2,25.33,"$46,027.12 ",6.04
28,58,1,0,1,2,24,"$63,121.66 ",7.7
26,41,1,0,1,2,24.67,"$52,372.93 ",6.73
30,60,1,0,2,2,23.33,"$64,066.30 ",7.99
19,49,1,0,2,2,27,"$55,124.91 ",6.34
18,57,1,0,2,2,27.33,"$84,038.56 ",7.81
28,53,0,0,2,2,24,"$43,344.82 ",6.13
29,57,1,0,2,2,23.67,"$46,477.85 ",6.51
30,55,1,0,2,2,23.33,"$43,590.05 ",6.33
22,53,0,0,2,2,26,"$63,247.19 ",7.12
25,59,0,0,2,2,25,"$58,649.86 ",7.1
18,53,1,0,2,2,27.33,"$85,813.94 ",7.89
23,47,0,0,2,2,25.67,"$55,649.40 ",6.71
28,44,0,0,2,2,24,"$54,497.52 ",7.09
28,50,1,0,2,2,24,"$57,760.64 ",7.33
27,45,0,0,2,2,24.33,"$45,133.66 ",6.21
30,48,1,0,2,2,23.33,"$52,993.55 ",7.17
26,53,1,0,2,2,24.67,"$50,759.51 ",6.6
29,41,1,0,2,2,23.67,"$42,416.35 ",6.12
22,44,0,0,2,2,26,"$73,175.36 ",7.68
25,52,0,0,2,2,25,"$46,562.86 ",6.17
26,53,1,0,2,2,24.67,"$53,679.60 ",6.83
26,52,0,0,2,2,24.67,"$66,647.16 ",7.71
18,48,1,0,2,2,27.33,"$68,927.77 ",7.08
28,51,1,0,2,2,24,"$61,897.43 ",7.62
20,54,0,0,2,2,26.67,"$69,159.81 ",7.27
26,52,1,0,2,2,24.67,"$69,241.51 ",7.87
22,46,1,0,2,2,26,"$52,149.08 ",6.37
29,57,1,0,2,2,23.67,"$52,644.90 ",7.04
28,41,0,0,2,2,24,"$53,640.02 ",7.02
23,40,1,0,2,2,25.67,"$77,276.80 ",7.99
30,60,1,0,2,2,23.33,"$41,422.12 ",6.11
23,47,0,0,2,2,25.67,"$76,211.84 ",7.94
43,44,1,0,2,2,19,"$36,101.35 ",6.78
46,50,1,0,2,2,18,"$31,130.41 ",6.33
49,59,1,0,2,2,17,"$30,079.96 ",6.5
35,46,1,0,2,2,21.67,"$48,878.40 ",7.35
33,50,0,0,2,2,22.33,"$47,112.76 ",6.96
49,54,1,0,2,2,17,"$38,564.19 ",7.97
44,51,0,0,2,2,18.67,"$42,678.20 ",7.8
34,53,1,0,2,2,22,"$38,479.32 ",6.14
30,55,1,0,2,2,23.33,"$63,939.05 ",7.98
45,47,0,0,2,2,18.33,"$40,231.44 ",7.62
32,59,0,0,2,2,22.67,"$44,633.31 ",6.62
40,45,0,0,2,2,20,"$42,807.37 ",7.29
50,56,1,0,2,2,16.67,"$29,564.63 ",6.52
43,47,0,0,2,2,19,"$35,082.45 ",6.62
42,54,0,0,2,2,19.33,"$40,551.52 ",7.26
30,49,1,0,2,2,23.33,"$45,578.50 ",6.52
49,54,0,0,2,2,17,"$30,556.32 ",6.59
50,60,1,0,2,2,16.67,"$30,292.24 ",6.67
42,54,1,0,2,2,19.33,"$46,329.35 ",7.96
30,57,1,0,2,2,23.33,"$63,548.66 ",7.95
48,58,1,1,2,2,17.33,"$32,887.58 ",6.89
45,45,0,1,2,2,18.33,"$30,229.92 ",6.05
48,56,0,1,2,2,17.33,"$30,041.77 ",6.36
50,44,0,1,2,2,16.67,"$31,480.44 ",6.9
34,58,1,1,2,2,22,"$52,065.55 ",7.52
50,46,1,1,2,2,16.67,"$32,673.10 ",7.12
48,50,0,1,2,2,17.33,"$34,373.81 ",7.14
30,58,1,1,2,2,23.33,"$46,687.55 ",6.62
45,52,1,1,2,2,18.33,"$37,751.16 ",7.27
49,55,0,1,2,2,17,"$28,535.12 ",6.18
44,45,0,1,3,2,18.67,"$36,064.62 ",6.89
49,60,1,1,3,2,17,"$35,451.95 ",7.47
43,41,0,1,3,2,19,"$45,231.85 ",7.97
50,56,1,1,3,2,16.67,"$28,370.34 ",6.27
32,60,1,1,3,2,22.67,"$43,598.39 ",6.51
42,41,1,1,3,2,19.33,"$44,966.94 ",7.8
41,45,0,1,3,2,19.67,"$40,558.16 ",7.14
32,49,1,1,3,2,22.67,"$39,150.24 ",6.04
32,55,0,1,3,2,22.67,"$44,001.59 ",6.55
39,51,0,1,3,2,20.33,"$50,062.56 ",7.95
38,53,0,1,3,2,20.67,"$44,942.36 ",7.29
33,41,1,1,3,2,22.33,"$39,619.78 ",6.18
40,47,0,1,3,2,20,"$36,945.64 ",6.55
45,60,1,1,3,2,18.33,"$31,951.98 ",6.35
32,55,0,1,3,2,22.67,"$46,318.96 ",6.78
31,60,0,1,3,2,23,"$61,579.25 ",7.93
44,52,1,1,3,2,18.67,"$31,153.93 ",6.1
31,50,0,1,3,2,23,"$44,331.12 ",6.49
31,59,0,1,3,2,23,"$52,562.83 ",7.24
45,42,0,1,3,2,18.33,"$42,187.67 ",7.88
32,49,1,1,3,2,22.67,"$46,198.46 ",6.77
45,43,0,1,3,2,18.33,"$35,472.98 ",6.93
42,51,0,1,3,2,19.33,"$38,867.10 ",7.04
45,51,1,1,3,2,18.33,"$35,868.50 ",6.99
37,42,0,1,3,2,21,"$50,495.56 ",7.74
39,45,1,1,3,2,20.33,"$50,287.09 ",7.97
50,46,0,1,3,2,16.67,"$31,211.04 ",6.85
44,50,0,1,3,2,18.67,"$41,902.43 ",7.7
49,58,1,1,3,2,17,"$31,548.94 ",6.78
49,51,0,1,3,2,17,"$28,814.71 ",6.24
33,27,0,1,3,2,22.33,"$46,589.00 ",6.91
33,32,0,1,3,2,22.33,"$38,931.93 ",6.1
39,31,1,1,3,2,20.33,"$47,946.97 ",7.73
43,27,1,1,3,2,19,"$36,321.40 ",6.81
34,39,0,1,3,2,22,"$53,047.60 ",7.61
50,20,0,1,3,2,16.67,"$34,692.40 ",7.49
38,20,1,1,3,2,20.67,"$34,896.62 ",6.06
50,22,1,1,3,2,16.67,"$32,245.08 ",7.05
30,37,1,1,3,2,23.33,"$60,538.23 ",7.74
35,23,1,1,3,2,21.67,"$39,621.15 ",6.37
67,33,1,1,3,2,11,"$20,870.55 ",6.71
75,20,0,1,3,2,8.33,"$17,019.88 ",6.4
70,30,0,1,3,2,10,"$20,246.09 ",7.07
74,38,1,1,3,2,8.67,"$16,810.87 ",6.01
54,30,1,1,3,2,15.33,"$33,953.46 ",8
68,22,1,1,3,2,10.67,"$20,224.72 ",6.62
62,37,1,1,3,2,12.67,"$22,133.66 ",6.29
77,40,1,1,3,2,7.67,"$16,128.71 ",6.25
55,36,1,1,3,2,15,"$27,479.05 ",6.76
53,28,1,1,3,2,15.67,"$31,797.24 ",7.41
52,31,0,1,3,2,16,"$27,316.10 ",6.3
65,36,0,1,3,2,11.67,"$23,217.11 ",7.24
53,36,0,1,3,2,15.67,"$27,671.92 ",6.51
73,39,0,1,3,2,9,"$18,411.52 ",6.8
74,27,1,1,3,2,8.67,"$18,606.68 ",7.19
79,34,1,1,3,2,7,"$16,088.66 ",6.81
52,28,1,1,3,2,16,"$30,384.58 ",6.97
53,22,1,1,3,2,15.67,"$33,433.85 ",7.73
71,26,0,1,3,2,9.67,"$21,143.32 ",7.77
63,29,1,1,3,2,12.33,"$25,059.65 ",7.47
59,27,0,1,4,2,13.67,"$26,625.71 ",7.19
58,40,0,1,4,2,14,"$27,341.69 ",7.21
63,29,0,1,4,2,12.33,"$21,611.42 ",6.26
74,23,0,1,4,2,8.67,"$19,758.32 ",7.88
73,20,0,1,4,2,9,"$17,606.94 ",6.3
61,23,1,1,4,2,13,"$27,377.71 ",7.77
71,34,0,1,4,2,9.67,"$18,214.63 ",6.22
72,33,0,1,4,2,9.33,"$18,864.15 ",6.82
73,23,1,1,4,2,9,"$18,782.67 ",7.02
66,23,1,1,4,2,11.33,"$19,802.69 ",6.04
55,31,1,1,4,2,15,"$27,907.06 ",6.86
57,25,0,1,4,2,14.33,"$30,983.69 ",7.92
69,22,1,1,4,2,10.33,"$21,410.65 ",7.39
71,31,0,1,4,2,9.67,"$20,880.38 ",7.64
74,27,1,1,4,2,8.67,"$18,558.92 ",7.16
62,29,0,1,4,2,12.67,"$25,999.91 ",7.57
59,30,0,1,4,2,13.67,"$29,417.27 ",7.92
51,27,1,1,4,2,16.33,"$30,637.64 ",6.87
66,21,1,1,4,2,11.33,"$20,375.57 ",6.3
70,38,0,1,4,2,10,"$18,343.33 ",6.08
59,20,0,1,5,2,13.67,"$25,905.43 ",6.99
63,11,0,1,5,2,12.33,"$25,854.84 ",7.73
69,17,1,1,5,2,10.33,"$19,905.41 ",6.68
53,20,0,1,5,2,15.67,"$33,447.72 ",7.73
77,16,0,1,5,2,7.67,"$17,111.76 ",7.03
80,15,0,1,5,2,6.67,"$16,262.77 ",7.32
55,18,0,1,5,2,15,"$25,992.19 ",6.39
79,10,0,1,5,2,7,"$15,671.86 ",6.44
65,12,0,1,5,2,11.67,"$21,262.05 ",6.48
51,18,1,1,5,2,16.33,"$28,067.16 ",6.34
20,59,1,0,0,1,26.67,"$36,043.82 ",4.82
30,41,0,0,0,1,23.33,"$31,704.40 ",4.96
20,43,0,0,0,1,26.67,"$32,146.57 ",4.39
30,58,1,0,0,1,23.33,"$22,366.98 ",3.45
25,55,1,0,0,1,25,"$23,014.13 ",3.34
26,49,0,0,0,1,24.67,"$24,668.75 ",3.67
24,60,1,0,0,1,25.33,"$28,351.65 ",4.12
19,50,0,0,0,1,27,"$34,138.99 ",4.56
25,47,0,0,0,1,25,"$29,956.77 ",4.4
21,48,0,0,0,1,26.33,"$23,821.30 ",3.3
23,56,1,0,0,1,25.67,"$35,238.14 ",4.92
24,49,1,0,0,1,25.33,"$31,486.26 ",4.54
22,55,1,0,0,1,26,"$23,813.30 ",3.34
23,40,0,0,0,1,25.67,"$33,568.06 ",4.73
23,46,0,0,0,1,25.67,"$32,532.43 ",4.6
23,44,0,0,0,1,25.67,"$33,371.08 ",4.7
21,56,1,0,0,1,26.33,"$27,792.55 ",3.89
28,47,0,0,0,1,24,"$23,964.21 ",3.65
24,59,1,0,0,1,25.33,"$21,533.10 ",3.03
23,44,0,0,0,1,25.67,"$28,199.11 ",4.05
25,52,0,0,1,1,25,"$27,280.79 ",4.02
22,46,1,0,1,1,26,"$28,713.25 ",4.06
19,59,1,0,1,1,27,"$22,925.34 ",3.08
25,40,0,0,1,1,25,"$27,794.48 ",4.1
24,52,0,0,1,1,25.33,"$34,250.39 ",4.87
25,59,0,0,1,1,25,"$21,900.69 ",3.14
21,43,1,0,1,1,26.33,"$36,008.73 ",4.88
25,56,0,0,1,1,25,"$29,918.57 ",4.39
30,52,1,0,1,1,23.33,"$30,791.53 ",4.83
29,45,0,0,1,1,23.67,"$27,818.93 ",4.33
18,52,0,0,1,1,27.33,"$23,936.80 ",3.2
23,57,0,0,1,1,25.67,"$34,137.27 ",4.79
20,52,0,0,1,1,26.67,"$33,101.58 ",4.5
19,40,1,0,1,1,27,"$37,991.87 ",4.95
27,46,1,0,1,1,24.33,"$31,825.16 ",4.77
24,54,1,0,1,1,25.33,"$26,411.13 ",3.84
26,40,0,0,1,1,24.67,"$31,794.31 ",4.7
19,50,1,0,1,1,27,"$36,446.40 ",4.8
20,46,1,0,1,1,26.67,"$24,108.23 ",3.3
27,52,0,0,1,1,24.33,"$27,951.66 ",4.23
42,57,1,0,2,1,19.33,"$19,020.71 ",3.33
43,48,1,0,2,1,19,"$24,157.86 ",4.65
48,42,0,0,2,1,17.33,"$22,038.64 ",4.57
35,49,1,0,2,1,21.67,"$26,740.55 ",4.55
47,44,0,0,2,1,17.67,"$21,899.84 ",4.45
34,58,1,0,2,1,22,"$28,615.49 ",4.79
38,60,1,0,2,1,20.67,"$27,087.93 ",4.83
45,48,0,0,2,1,18.33,"$21,003.97 ",4.05
33,55,0,0,2,1,22.33,"$23,976.01 ",3.92
46,41,0,0,2,1,18,"$24,285.83 ",4.94
42,54,0,0,2,1,19.33,"$19,652.68 ",3.5
35,42,1,0,2,1,21.67,"$25,982.24 ",4.42
41,53,1,0,2,1,19.67,"$22,551.01 ",4.14
43,45,1,0,2,1,19,"$22,490.26 ",4.27
30,46,1,0,2,1,23.33,"$24,169.62 ",3.79
35,42,1,0,2,1,21.67,"$24,798.46 ",4.2
38,49,0,0,2,1,20.67,"$25,398.20 ",4.52
33,58,1,0,2,1,22.33,"$24,993.65 ",4.11
38,41,1,0,2,1,20.67,"$20,809.88 ",3.55
50,48,1,0,2,1,16.67,"$22,057.12 ",4.76
48,53,1,0,2,1,17.33,"$19,370.10 ",3.82
41,47,1,0,2,1,19.67,"$24,895.50 ",4.65
43,57,0,0,2,1,19,"$19,126.10 ",3.42
34,47,1,0,2,1,22,"$24,373.00 ",4.06
41,48,1,0,2,1,19.67,"$21,891.02 ",3.99
44,50,1,0,2,1,18.67,"$23,208.48 ",4.52
32,60,1,0,2,1,22.67,"$30,668.49 ",4.95
46,57,1,0,2,1,18,"$18,077.39 ",3.29
32,50,1,0,2,1,22.67,"$28,544.88 ",4.64
39,42,0,0,2,1,20.33,"$19,184.77 ",3.21
33,59,1,0,2,1,22.33,"$28,633.97 ",4.72
43,60,1,0,2,1,19,"$24,739.06 ",4.78
42,55,0,0,2,1,19.33,"$20,156.13 ",3.63
49,42,1,0,2,1,17,"$17,601.99 ",3.33
47,43,0,0,2,1,17.67,"$19,132.47 ",3.68
48,58,1,0,2,1,17.33,"$20,526.26 ",4.16
33,41,1,0,2,1,22.33,"$22,256.59 ",3.59
30,47,1,0,2,1,23.33,"$26,712.46 ",4.22
40,47,0,0,2,1,20,"$24,961.11 ",4.58
44,42,0,0,2,1,18.67,"$24,743.71 ",4.86
50,42,1,0,3,1,16.67,"$22,393.35 ",4.85
32,52,1,0,3,1,22.67,"$29,041.89 ",4.71
38,41,1,0,3,1,20.67,"$24,129.62 ",4.27
39,59,0,0,3,1,20.33,"$22,166.80 ",3.92
49,51,1,0,3,1,17,"$22,566.09 ",4.8
39,42,0,0,3,1,20.33,"$18,693.10 ",3.08
34,44,0,0,3,1,22,"$29,850.80 ",4.98
42,58,0,0,3,1,19.33,"$25,989.79 ",4.95
32,50,1,0,3,1,22.67,"$20,206.11 ",3.11
46,56,0,0,3,1,18,"$20,368.01 ",3.96
35,54,0,0,3,1,21.67,"$29,238.22 ",4.96
41,43,0,0,3,1,19.67,"$23,450.73 ",4.34
34,48,1,0,3,1,22,"$27,293.70 ",4.57
34,40,0,0,3,1,22,"$25,846.15 ",4.32
48,51,0,0,3,1,17.33,"$22,634.95 ",4.72
48,48,0,0,3,1,17.33,"$18,866.54 ",3.67
33,54,0,0,3,1,22.33,"$20,253.49 ",3.16
35,48,0,0,3,1,21.67,"$19,227.31 ",3.02
50,51,0,0,3,1,16.67,"$18,605.83 ",3.73
40,43,0,0,3,1,20,"$21,520.92 ",3.84
42,56,1,0,3,1,19.33,"$25,125.24 ",4.77
46,52,0,0,3,1,18,"$17,648.54 ",3.16
39,55,0,0,3,1,20.33,"$23,312.48 ",4.17
41,50,1,0,3,1,19.67,"$21,557.83 ",3.91
41,45,1,0,3,1,19.67,"$25,176.72 ",4.7
37,41,1,0,3,1,21,"$23,766.45 ",4.13
32,57,0,0,3,1,22.67,"$27,762.65 ",4.51
46,41,0,0,3,1,18,"$19,249.10 ",3.64
39,60,0,0,3,1,20.33,"$18,516.29 ",3.03
41,56,0,0,3,1,19.67,"$24,150.21 ",4.49
50,47,0,0,3,1,16.67,"$21,986.26 ",4.74
32,49,1,0,3,1,22.67,"$20,068.40 ",3.08
41,46,0,0,3,1,19.67,"$19,907.73 ",3.51
48,55,0,0,3,1,17.33,"$22,145.95 ",4.6
40,42,1,0,3,1,20,"$24,025.79 ",4.39
40,46,0,0,3,1,20,"$22,399.59 ",4.04
45,42,1,0,3,1,18.33,"$18,376.24 ",3.32
38,46,1,0,3,1,20.67,"$25,730.03 ",4.58
42,46,1,0,3,1,19.33,"$22,404.05 ",4.18
36,60,0,0,3,1,21.33,"$28,142.59 ",4.86
56,59,1,0,3,1,14.67,"$16,700.58 ",3.5
54,57,0,0,3,1,15.33,"$19,606.68 ",4.4
70,59,0,0,3,1,10,"$16,345.15 ",4.92
62,47,0,0,3,1,12.67,"$18,297.14 ",4.78
50,40,1,0,3,1,16.67,"$19,036.28 ",3.87
65,49,1,0,3,1,11.67,"$15,285.02 ",3.64
72,46,0,0,3,1,9.33,"$15,254.16 ",4.53
68,47,0,0,3,1,10.67,"$16,642.27 ",4.78
71,43,0,0,3,1,9.67,"$13,984.66 ",3.47
63,52,0,0,3,1,12.33,"$16,025.20 ",3.83
58,49,0,0,3,1,14,"$18,564.17 ",4.43
76,60,0,0,3,1,8,"$13,333.32 ",3.6
63,43,1,0,3,1,12.33,"$17,428.13 ",4.51
76,52,1,0,3,1,8,"$14,563.59 ",4.71
51,42,0,0,3,1,16.33,"$20,553.40 ",4.42
78,42,0,0,3,1,7.33,"$12,705.02 ",3.27
56,60,0,0,3,1,14.67,"$16,812.76 ",3.55
57,56,0,0,3,1,14.33,"$16,134.04 ",3.34
69,45,0,0,3,1,10.33,"$14,450.99 ",3.57
51,48,0,0,3,1,16.33,"$18,290.55 ",3.7
68,55,1,0,3,1,10.67,"$14,688.72 ",3.61
59,54,0,0,3,1,13.67,"$16,557.61 ",3.7
69,45,1,0,3,1,10.33,"$14,291.34 ",3.46
60,59,1,0,3,1,13.33,"$16,280.57 ",3.66
68,52,1,0,3,1,10.67,"$13,855.58 ",3.06
54,60,1,0,3,1,15.33,"$16,589.89 ",3.31
64,45,1,0,3,1,12,"$15,046.42 ",3.41
63,43,0,0,3,1,12.33,"$17,756.36 ",4.66
74,40,1,0,3,1,8.67,"$14,298.93 ",4.13
71,51,1,0,3,1,9.67,"$14,461.47 ",3.82
78,54,1,0,3,1,7.33,"$12,756.31 ",3.32
53,57,0,0,3,1,15.67,"$17,112.58 ",3.43
71,55,1,0,3,1,9.67,"$15,327.71 ",4.43
51,53,0,0,3,1,16.33,"$22,452.55 ",4.96
65,56,1,0,3,1,11.67,"$17,839.91 ",4.97
54,59,0,0,3,1,15.33,"$18,613.36 ",4.06
66,41,1,0,3,1,11.33,"$16,250.09 ",4.29
79,59,1,0,3,1,7,"$12,453.63 ",3.14
60,57,1,0,3,1,13.33,"$17,024.71 ",4
51,47,0,0,3,1,16.33,"$16,374.85 ",3.02
60,43,1,0,4,1,13.33,"$15,684.58 ",3.38
61,52,0,0,4,1,13,"$18,662.72 ",4.81
76,60,0,0,4,1,8,"$14,264.97 ",4.45
75,41,0,0,4,1,8.33,"$14,291.12 ",4.29
50,56,0,0,4,1,16.67,"$16,854.18 ",3.14
51,53,1,0,4,1,16.33,"$18,932.79 ",3.91
59,45,0,0,4,1,13.67,"$19,006.39 ",4.71
52,55,1,0,4,1,16,"$18,608.66 ",3.89
57,47,0,0,4,1,14.33,"$16,003.27 ",3.29
68,47,1,0,4,1,10.67,"$14,395.05 ",3.42
56,40,0,0,4,1,14.67,"$17,998.20 ",4.01
57,47,0,0,4,1,14.33,"$18,990.18 ",4.48
80,55,0,0,4,1,6.67,"$13,552.94 ",4.57
53,54,0,0,4,1,15.67,"$17,026.69 ",3.4
77,50,1,0,4,1,7.67,"$12,943.89 ",3.37
73,45,1,0,4,1,9,"$14,211.74 ",3.91
52,56,1,0,4,1,16,"$18,964.32 ",4.01
57,54,0,0,4,1,14.33,"$15,389.02 ",3.01
57,60,1,0,4,1,14.33,"$15,611.89 ",3.11
72,60,1,0,4,1,9.33,"$15,014.89 ",4.36
56,58,0,0,4,1,14.67,"$18,628.95 ",4.25
77,46,1,0,4,1,7.67,"$14,526.81 ",4.88
60,53,1,0,4,1,13.33,"$14,993.45 ",3.04
79,43,1,0,4,1,7,"$12,819.49 ",3.55
70,42,0,0,4,1,10,"$14,406.81 ",3.66
52,41,1,0,4,1,16,"$17,463.77 ",3.49
62,54,1,0,4,1,12.67,"$18,670.43 ",4.94
67,42,0,0,4,1,11,"$15,443.60 ",3.96
65,47,0,0,4,1,11.67,"$16,983.60 ",4.55
53,55,0,0,4,1,15.67,"$18,734.34 ",4.01
78,60,1,0,4,1,7.33,"$13,524.50 ",4.12
67,45,0,0,4,1,11,"$14,435.49 ",3.34
62,44,1,0,4,1,12.67,"$16,460.01 ",3.94
77,44,0,0,4,1,7.67,"$13,516.12 ",3.94
67,58,1,0,4,1,11,"$15,357.88 ",3.91
74,46,0,0,4,1,8.67,"$13,494.15 ",3.46
78,43,0,0,4,1,7.33,"$13,133.39 ",3.72
69,43,1,0,4,1,10.33,"$14,580.75 ",3.66
56,54,1,0,4,1,14.67,"$16,626.32 ",3.47
67,42,0,0,4,1,11,"$15,588.45 ",4.04
66,41,0,1,4,1,11.33,"$16,117.37 ",4.22
73,51,1,1,4,1,9,"$13,125.38 ",3.03
51,51,1,1,4,1,16.33,"$20,527.15 ",4.41
73,58,0,1,4,1,9,"$14,352.00 ",4.02
57,51,1,1,4,1,14.33,"$15,892.90 ",3.24
74,55,0,1,4,1,8.67,"$14,831.07 ",4.56
50,53,1,1,4,1,16.67,"$21,760.76 ",4.67
59,45,1,1,4,1,13.67,"$16,652.01 ",3.74
68,41,0,1,4,1,10.67,"$15,795.35 ",4.29
51,40,1,1,4,1,16.33,"$22,522.15 ",4.98
65,58,1,1,4,1,11.67,"$16,027.83 ",4.05
71,41,0,1,4,1,9.67,"$14,412.96 ",3.79
68,55,1,1,4,1,10.67,"$14,303.96 ",3.36
73,60,0,1,4,1,9,"$13,468.60 ",3.31
74,48,1,1,4,1,8.67,"$14,697.50 ",4.45
57,44,0,1,4,1,14.33,"$15,717.55 ",3.16
66,56,0,1,4,1,11.33,"$16,389.94 ",4.37
64,42,1,1,4,1,12,"$17,939.33 ",4.88
67,55,1,1,4,1,11,"$16,992.79 ",4.83
50,58,0,1,4,1,16.67,"$17,178.47 ",3.25
70,48,0,1,4,1,10,"$13,836.78 ",3.25
79,58,0,1,4,1,7,"$13,579.88 ",4.38
64,48,0,1,4,1,12,"$16,009.06 ",3.93
76,44,1,1,4,1,8,"$14,770.32 ",4.89
50,42,0,1,4,1,16.67,"$18,793.56 ",3.79
64,47,1,1,4,1,12,"$16,044.21 ",3.95
52,48,1,1,4,1,16,"$21,328.87 ",4.74
57,56,1,1,4,1,14.33,"$18,420.11 ",4.27
62,41,0,1,4,1,12.67,"$14,879.35 ",3.14
68,51,1,1,4,1,10.67,"$13,876.62 ",3.08
60,52,0,1,4,1,13.33,"$18,857.92 ",4.77
65,44,0,1,4,1,11.67,"$17,066.53 ",4.59
80,58,0,1,4,1,6.67,"$13,084.91 ",4.04
50,58,1,1,4,1,16.67,"$20,287.45 ",4.25
73,42,0,1,4,1,9,"$14,599.91 ",4.21
58,53,0,1,4,1,14,"$18,790.66 ",4.51
54,42,1,1,4,1,15.33,"$19,877.30 ",4.49
55,45,1,1,4,1,15,"$16,668.32 ",3.41
77,48,1,1,4,1,7.67,"$13,459.78 ",3.88
60,52,0,1,4,1,13.33,"$17,729.21 ",4.3
68,42,0,1,4,1,10.67,"$16,019.11 ",4.43
67,50,0,1,4,1,11,"$13,923.07 ",3.01
53,47,1,1,4,1,15.67,"$20,680.41 ",4.65
68,48,0,1,4,1,10.67,"$16,579.06 ",4.75
66,54,1,1,4,1,11.33,"$14,184.61 ",3.09
71,60,0,1,4,1,9.67,"$13,768.78 ",3.31
62,56,1,1,4,1,12.67,"$17,312.38 ",4.34
56,44,1,1,4,1,14.67,"$20,147.21 ",4.79
77,51,1,1,4,1,7.67,"$13,540.04 ",3.96
73,46,0,1,4,1,9,"$14,906.87 ",4.44
62,42,0,1,4,1,12.67,"$16,194.93 ",3.81
78,45,1,1,4,1,7.33,"$13,822.54 ",4.42
74,48,0,1,4,1,8.67,"$14,231.73 ",4.08
75,42,0,1,4,1,8.33,"$13,860.44 ",3.92
66,60,0,1,4,1,11.33,"$17,486.06 ",4.94
62,41,1,1,4,1,12.67,"$18,498.55 ",4.87
64,45,1,1,4,1,12,"$16,609.32 ",4.24
61,59,1,1,4,1,13,"$18,986.35 ",4.94
77,48,1,1,4,1,7.67,"$14,089.14 ",4.48
55,51,0,1,4,1,15,"$15,748.81 ",3.03
78,51,0,1,4,1,7.33,"$12,523.19 ",3.07
79,54,0,1,4,1,7,"$13,954.45 ",4.77
75,52,1,1,4,1,8.33,"$14,479.29 ",4.45
61,53,0,1,4,1,13,"$18,385.17 ",4.69
71,53,0,1,4,1,9.67,"$14,673.53 ",3.97
69,45,1,1,4,1,10.33,"$14,441.81 ",3.56
71,52,0,1,4,1,9.67,"$14,379.77 ",3.76
65,48,0,1,4,1,11.67,"$16,471.47 ",4.29
66,49,1,1,4,1,11.33,"$15,113.58 ",3.65
58,56,0,1,4,1,14,"$18,564.60 ",4.43
60,55,1,1,4,1,13.33,"$16,751.30 ",3.88
65,41,0,1,4,1,11.67,"$16,249.16 ",4.17
55,53,1,1,4,1,15,"$19,158.41 ",4.34
54,45,1,1,4,1,15.33,"$19,110.18 ",4.23
79,48,1,1,4,1,7,"$13,789.60 ",4.6
65,56,0,1,4,1,11.67,"$17,155.34 ",4.64
75,58,1,1,4,1,8.33,"$14,080.29 ",4.11
65,54,0,1,4,1,11.67,"$15,170.90 ",3.58
64,55,0,1,4,1,12,"$15,171.16 ",3.48
55,56,1,1,4,1,15,"$20,994.65 ",4.95
64,39,1,1,5,1,12,"$15,821.00 ",3.83
53,36,1,1,5,1,15.67,"$20,322.08 ",4.53
72,24,1,1,5,1,9.33,"$14,979.58 ",4.34
70,20,1,1,5,1,10,"$15,201.57 ",4.2
58,36,0,1,5,1,14,"$18,765.41 ",4.5
65,36,0,1,5,1,11.67,"$16,189.49 ",4.14
64,31,1,1,5,1,12,"$15,690.37 ",3.76
75,39,0,1,5,1,8.33,"$13,498.84 ",3.61
53,29,1,1,5,1,15.67,"$18,499.68 ",3.93
57,40,0,1,5,1,14.33,"$17,649.03 ",3.97
50,20,0,1,5,1,16.67,"$18,452.81 ",3.68
56,28,1,1,5,1,14.67,"$16,379.67 ",3.37
66,36,0,1,5,1,11.33,"$14,472.77 ",3.27
73,35,1,1,5,1,9,"$15,066.85 ",4.56
53,25,1,1,5,1,15.67,"$19,142.51 ",4.15
64,24,1,1,5,1,12,"$15,714.37 ",3.77
75,33,0,1,5,1,8.33,"$14,808.31 ",4.72
70,31,1,1,5,1,10,"$16,127.38 ",4.79
56,31,1,1,5,1,14.67,"$19,787.39 ",4.66
63,32,1,1,5,1,12.33,"$17,224.33 ",4.42
62,24,1,1,5,1,12.67,"$15,707.93 ",3.57
63,38,1,1,5,1,12.33,"$16,039.15 ",3.84
50,29,1,1,5,1,16.67,"$22,558.16 ",4.89
52,20,0,1,5,1,16,"$16,709.55 ",3.21
74,24,1,1,5,1,8.67,"$14,459.22 ",4.26
65,35,0,1,5,1,11.67,"$14,503.80 ",3.19
75,26,1,1,5,1,8.33,"$15,093.21 ",4.95
57,33,0,1,5,1,14.33,"$15,418.49 ",3.02
79,40,1,1,5,1,7,"$12,479.99 ",3.17
75,20,1,1,5,1,8.33,"$13,764.40 ",3.84
69,21,0,1,5,1,10.33,"$16,090.32 ",4.61
63,37,0,1,5,1,12.33,"$15,826.98 ",3.73
51,23,0,1,5,1,16.33,"$19,680.52 ",4.15
66,36,1,1,5,1,11.33,"$15,981.16 ",4.14
59,21,0,1,5,1,13.67,"$15,890.76 ",3.39
77,32,0,1,5,1,7.67,"$12,991.23 ",3.42
50,40,0,1,5,1,16.67,"$22,589.76 ",4.9
76,20,1,1,5,1,8,"$14,525.68 ",4.68
50,29,0,1,5,1,16.67,"$18,272.95 ",3.62
57,28,1,1,5,1,14.33,"$19,000.55 ",4.49
57,26,1,1,5,1,14.33,"$16,402.67 ",3.46
51,36,1,1,5,1,16.33,"$20,122.14 ",4.29
66,20,0,1,5,1,11.33,"$16,578.97 ",4.47
63,32,1,1,5,1,12.33,"$17,954.40 ",4.75
62,31,0,1,5,1,12.67,"$15,190.96 ",3.31
74,32,0,1,5,1,8.67,"$14,186.22 ",4.04
56,24,0,1,5,1,14.67,"$17,218.64 ",3.71
72,37,1,1,5,1,9.33,"$14,765.59 ",4.18
74,31,0,1,5,1,8.67,"$14,638.67 ",4.41
65,30,0,1,5,1,11.67,"$15,431.72 ",3.72
70,21,1,1,5,1,10,"$16,090.99 ",4.77
58,29,0,1,5,1,14,"$15,403.62 ",3.09
59,32,1,1,5,1,13.67,"$19,597.79 ",4.93
78,32,0,1,5,1,7.33,"$14,337.35 ",4.92
55,31,0,1,5,1,15,"$20,739.83 ",4.87
65,38,0,1,5,1,11.67,"$14,334.89 ",3.09
55,29,1,1,5,1,15,"$19,763.25 ",4.55
74,39,1,1,5,1,8.67,"$13,599.71 ",3.55
53,39,0,1,5,1,15.67,"$16,674.71 ",3.27
60,22,1,1,5,1,13.33,"$18,203.14 ",4.5
56,27,0,1,5,1,14.67,"$16,154.02 ",3.27
59,34,1,1,5,1,13.67,"$16,261.32 ",3.56
69,27,0,1,5,1,10.33,"$16,095.83 ",4.62
51,24,0,1,5,1,16.33,"$17,378.34 ",3.39
50,40,1,1,5,1,16.67,"$17,800.47 ",3.46
52,31,1,1,5,1,16,"$21,027.59 ",4.65
67,35,0,1,5,1,11,"$14,338.84 ",3.28
79,24,1,1,5,1,7,"$12,999.40 ",3.75
74,40,0,1,5,1,8.67,"$14,398.24 ",4.21
76,34,0,1,5,1,8,"$14,659.33 ",4.79
61,27,1,1,5,1,13,"$18,561.35 ",4.77
76,37,1,1,5,1,8,"$13,478.15 ",3.74
62,23,1,1,5,1,12.67,"$14,969.76 ",3.19
68,21,1,1,5,1,10.67,"$14,192.02 ",3.29
78,23,1,1,5,1,7.33,"$13,349.89 ",3.95
50,26,0,1,5,1,16.67,"$22,889.23 ",4.98
58,29,0,1,5,1,14,"$18,270.99 ",4.31
73,36,0,1,5,1,9,"$15,662.99 ",5
59,20,0,1,5,1,13.67,"$17,841.94 ",4.24
50,39,1,1,5,1,16.67,"$21,244.13 ",4.53
64,13,0,1,5,1,12,"$17,837.36 ",4.83
64,13,0,1,5,1,12,"$14,363.14 ",3.02
57,11,0,1,5,1,14.33,"$16,989.43 ",3.7
72,20,1,1,5,1,9.33,"$15,589.04 ",4.77
56,17,1,1,5,1,14.67,"$17,457.08 ",3.8
55,17,1,1,5,1,15,"$19,730.84 ",4.54
67,12,1,1,5,1,11,"$14,825.62 ",3.59
80,12,0,1,5,1,6.67,"$13,882.44 ",4.93
58,15,0,1,5,1,14,"$16,557.04 ",3.61
70,16,1,1,5,1,10,"$16,042.51 ",4.74
71,17,0,1,5,1,9.67,"$13,853.57 ",3.38
77,16,0,1,5,1,7.67,"$13,264.58 ",3.69
66,16,1,1,5,1,11.33,"$16,839.03 ",4.61
80,14,1,1,5,1,6.67,"$12,487.16 ",3.34
51,13,1,1,5,1,16.33,"$19,158.36 ",3.99
57,17,1,1,5,1,14.33,"$16,206.39 ",3.37
77,18,1,1,5,1,7.67,"$13,062.02 ",3.49
74,17,1,1,5,1,8.67,"$14,797.48 ",4.53
61,18,0,1,5,1,13,"$17,667.21 ",4.39
58,11,0,1,5,1,14,"$17,003.96 ",3.8
72,11,1,1,5,1,9.33,"$15,879.57 ",4.97
74,12,1,1,5,1,8.67,"$14,352.43 ",4.18
51,10,1,1,5,1,16.33,"$21,265.83 ",4.63
61,13,1,1,5,1,13,"$15,371.91 ",3.31
77,13,1,1,5,1,7.67,"$13,451.45 ",3.87
55,18,1,1,5,1,15,"$18,647.93 ",4.16
80,18,0,1,5,1,6.67,"$12,902.33 ",3.83
52,10,0,1,5,1,16,"$19,040.95 ",4.03
75,16,0,1,5,1,8.33,"$13,737.32 ",3.82
70,19,1,1,5,1,10,"$14,252.92 ",3.55
80,15,1,1,5,1,6.67,"$12,287.46 ",3.09
66,20,1,1,5,1,11.33,"$15,944.76 ",4.12
59,20,0,1,5,1,13.67,"$15,403.33 ",3.17
56,11,1,1,5,1,14.67,"$18,931.28 ",4.36
77,19,0,1,5,1,7.67,"$13,584.35 ",4
78,10,1,1,5,1,7.33,"$12,736.37 ",3.3
53,18,1,1,5,1,15.67,"$16,542.51 ",3.22
76,12,1,1,5,1,8,"$12,928.03 ",3.21
54,11,1,1,5,1,15.33,"$19,966.90 ",4.52
70,14,1,1,5,1,10,"$15,087.45 ",4.12
